date,momentum_20,reversal_5,low_volatility_20,volume_price_corr_20,volume_expansion,amihud_liquidity_20,overnight_gap,random_baseline_s143,mock_llm_quality_momentum_v1,mock_llm_quality_momentum_feedback_v2
2023-01-02,1.0,1.0,1.0,1.0,1.0,1.0,1.0,1.0,1.0,1.0
2023-01-03,1.0,1.0,1.0,1.0,1.0,1.0,1.0017418166112884,1.0,1.0,1.0
2023-01-04,1.0,1.0,1.0,1.0,1.0,1.0,1.0196344102999193,1.0,1.0,1.0
2023-01-05,1.0,1.0,1.0,1.0,1.0,1.0,1.0066672475375917,1.0,1.0,1.0
2023-01-06,1.0,1.0,1.0,1.0,1.0,1.0,0.993537708944191,1.0,1.0,1.0
2023-01-09,1.0,1.00111377894861,1.0,1.0,1.0,1.0,0.9878114679724188,1.0,1.0,1.0
2023-01-10,1.0,1.0037486108666802,1.0,1.0,1.0,1.0,0.9904798952088407,1.0,1.0,1.0
2023-01-11,1.0,1.0212539600974677,1.0,1.0,1.0,1.0,0.9834235635664319,1.0,1.0,1.0
2023-01-12,1.0,1.0231410783140495,1.0,1.0,1.0,1.0,0.967800266357233,1.0,1.0,1.0
2023-01-13,1.0,1.0359922170266465,1.0,1.0,1.0,1.0,0.9720766177231209,1.0088374641161841,1.0,1.0
2023-01-16,1.0,1.048171660133475,1.0,1.0,1.0,1.0,0.9814720739332852,1.0106781380508407,1.0068691066829074,1.0
2023-01-17,1.0,1.059566661272193,1.0,1.0,1.0,1.0,0.9771966068615693,0.996326876780025,0.9981815548704601,1.0
2023-01-18,1.0,1.0640846210101147,1.0,1.0,1.0,1.0,0.9910755289924028,1.0105391960538832,1.0065626552919436,1.0
2023-01-19,1.0,1.0741555307130362,1.0,1.0,1.0,1.0,0.9931904302567682,1.0085962747105592,0.9935161958385186,1.0
2023-01-20,1.0,1.0794719373997752,1.0,1.0,1.0,1.0,0.9828602487802851,0.9919047739669131,0.9864190747983671,1.0
2023-01-23,1.0,1.0967273259008676,1.0,1.0,1.0,1.0,0.9934497019347027,0.9960273511548049,0.986066426741809,1.0
2023-01-24,1.0,1.0869161157039855,1.0,1.0,1.0,1.0,0.9920611046542329,0.9866004457223062,0.9837197855549022,1.0
2023-01-25,1.0,1.093679717411952,1.0,1.0,1.0,1.0,0.9986724293474567,0.9895665875975065,0.9839801026910752,1.0
2023-01-26,1.0,1.1037803675557925,1.0,1.0,1.0,1.0,1.00319719397968,0.9979783623828987,0.9985073229628113,1.0
2023-01-27,1.0,1.1015652459251866,1.0,0.9981206380423279,0.9981255439704498,1.0,0.9909223171178108,0.9944521655698056,0.9867999718034449,1.0
2023-01-30,0.9938374293639004,1.0964522523150777,0.9962224589783784,0.995200795573503,1.0054533517755417,0.9949757880516226,0.9950780701820976,0.9850004620169283,0.9782746146476455,0.9975881721980637
2023-01-31,0.9965576761639805,1.103707685497291,0.9965694900989593,1.0034422911462975,1.012113532591822,0.9952318248384586,1.0066743866623948,0.9909291122263568,0.9755664201911112,1.0016126740836988
2023-02-01,1.002684068799584,1.0906137259672186,0.9919184367636092,1.0211526126811694,1.0113650026156236,0.9963888281228941,1.005263305248054,0.9881797623973615,0.9870130911407468,1.0017228920751164
2023-02-02,0.9868546886119846,1.0830649365305876,0.9882401630710846,1.0134012723596442,1.0032272683313233,0.9975923072016472,0.9954406960808692,0.9925837703505406,0.9750385086393512,0.9983145112597999
2023-02-03,0.9755621945952513,1.063401919726917,0.9816274681254502,0.9997413358663799,0.9988980644536548,0.9892057645541285,0.9796019594491004,0.9858739469994561,0.962665397712556,0.9917901110985754
2023-02-06,1.000212440716623,1.0782517786025294,0.9829900722742428,1.006404064205813,1.0020983874322313,0.9939083567432098,0.9888945941624045,1.0002894535568192,0.9712251922799194,0.9997207297096344
2023-02-07,1.0027181631042157,1.091607687764364,0.9759897603627565,1.014464553324599,1.0005171119593508,0.9977555498250277,0.9862082075086551,1.0020481659903042,0.9731756255672628,1.0080687459814712
2023-02-08,1.0054033210643776,1.089139444654856,0.9831847622598286,1.016233164702261,1.0017846331493128,0.9922352126681596,0.9815865296978452,1.0113510066204274,0.9754633398253906,1.0186404912367553
2023-02-09,1.0137616192972572,1.0932053004694102,0.9964260013310703,1.0295382895206366,0.9976900478057955,1.003686395941275,0.9776924276985027,1.0083809413249345,0.9816961217282476,1.0181816551722964
2023-02-10,1.0362168028214442,1.1123038655645745,1.017824278206528,1.0516301229224145,1.0241614071970293,1.02348161802134,0.9889849762209894,1.0310504785019603,1.001735677892707,1.0440337339173351
2023-02-13,1.019608875039823,1.1178850572437353,0.9980817582661788,1.0356991646492153,1.0198640448183116,1.0132437135273042,0.99082973340105,1.0332350350272297,0.9935980753887534,1.0423565186158694
2023-02-14,1.0094227221464813,1.1212843719624088,1.0000016807074703,1.0439741158113065,1.022293863345603,1.0083497835509039,0.9953253364634604,1.0266153427845048,0.9970741771256432,1.0365557559070508
2023-02-15,0.9893149144085426,1.1087111220469288,0.9880011792184076,1.024352799444046,1.0087457087576863,0.9939026800872901,0.9827807809547076,1.0093153309819993,0.984177900876473,1.0251176043212291
2023-02-16,0.9880746155891713,1.11963324562657,0.9878501394435665,1.034918319164451,1.0126961523805265,0.9913946107870548,0.9947227436997518,1.025824336874811,0.9784729421092334,1.0250312631133112
2023-02-17,0.9985378147889022,1.1259350184577546,1.0001541073922655,1.046033812911134,1.021249136322721,0.9920940995575732,1.0012612047333707,1.0263196733904891,0.9856951183833434,1.0485659567034982
2023-02-20,1.0062272492505482,1.1369458958800058,0.9915192459388206,1.0422586500630278,1.028150263366194,0.9985615822905092,1.0068867316540693,1.0192505249810853,0.9828165613678167,1.051787872861025
2023-02-21,0.9918307018108471,1.1182885192070422,0.9851014389872322,1.0439324704244552,1.0133328407645426,0.9876973828729274,0.9853641841418219,0.9982146429940946,0.9673722040486495,1.0383024775894805
2023-02-22,0.9844482639778966,1.1344317465734,0.9887861693341639,1.0411241499675816,1.0159688350331468,0.9882613437458484,0.9793540635381197,0.9850150373428724,0.954705950476484,1.0281633945551818
2023-02-23,0.9917287370520231,1.144420790583783,0.9875436648795962,1.041512716729405,1.0130813738863458,0.9873655906188558,0.9775875300978356,0.9892467134416761,0.9594507043878175,1.037333983909379
2023-02-24,1.0041698121098037,1.143890686833124,0.9970204830064476,1.0409549128310538,1.0256303239200408,0.9975177660386042,0.9654383662361241,0.9721906019837808,0.9646636873001558,1.0425254428600637
2023-02-27,1.0046439193538175,1.1542473106705942,1.0025455440357058,1.058944187277084,1.034496128434689,0.9971545167594934,0.974379968896847,0.9729208480975802,0.9632083781509,1.042508651075275
2023-02-28,1.0064510844384387,1.147067573780985,1.0035026031892407,1.0546164578200752,1.037504911869375,0.9899626389449151,0.9782756315074692,0.9650067565881673,0.9645135782504978,1.0321684801126358
2023-03-01,1.0106652770257238,1.1395371835734236,0.9959025632760402,1.0535328836494486,1.038136097834804,0.9914824221392706,0.9795353025994474,0.9717819704048506,0.9619845874469993,1.038866420785383
2023-03-02,1.0290097273344987,1.1437083597578848,0.9953309484567254,1.0664226831563313,1.0353668439854395,0.9909594043379413,0.9858086013726741,0.9682492795542813,0.9744461734134042,1.0489040393343172
2023-03-03,1.0335259879055192,1.1512806718011894,1.001084831688281,1.0692863668825638,1.0430829615413042,0.9942826026904722,0.988481383267833,0.9783592766744352,0.9776623959171982,1.049940417844242
2023-03-06,1.0397282803004573,1.1699728143217054,1.0166784275117635,1.0818067082948113,1.0408552737757422,1.0106609779942992,0.9997578352064898,0.99531178424004,0.9977312788485418,1.0617695065655908
2023-03-07,1.0398165147621046,1.1726290023933847,1.0218025575133585,1.0875296757703048,1.0363189948988751,1.009695715672903,1.0052964358833103,0.993760826862597,1.017142189283418,1.0671792733908003
2023-03-08,1.0490539897864934,1.159548326679165,1.0294111337279541,1.0950084879255886,1.0355467015374051,1.0225392543547147,1.0043984889063198,0.9920434363454953,1.0195045387909767,1.0680031552786782
2023-03-09,1.0429592322490067,1.1602128770286426,1.0275771734938877,1.0902277443253265,1.03839991234374,1.0235265087880492,1.0116957044240922,1.004245663268637,1.0167212925460576,1.058783907213827
2023-03-10,1.0536325973872078,1.165659452899746,1.020711500842095,1.0972367829892031,1.0348413946262964,1.018568064323997,1.0185789899607907,1.0057336660954348,1.0238780907459324,1.0538296328368157
2023-03-13,1.0568575242918865,1.1769084106098155,1.031565547176969,1.0885235555390362,1.0402654262565614,1.0210432895475212,1.0149856841415559,1.0101703199860883,1.0327806065116762,1.058829602357694
2023-03-14,1.035615449573878,1.1768225865637152,1.0181813357106233,1.087854741141518,1.020268706772382,1.007400731918574,1.0084095581262735,0.993669472477705,1.0218795496433524,1.042322750853106
2023-03-15,1.033988922327664,1.1789851583790387,1.0209438481109034,1.0786114445804513,1.0299875656669375,1.0177241371564971,1.0087528244454629,0.9885237350396984,1.0168226624692311,1.035167687202409
2023-03-16,1.0259758627057143,1.172215971214619,1.0114457705094075,1.0655977864857957,1.022365430359376,1.0068741935191663,1.0041714340793382,0.9821050094125632,1.0134149366280687,1.0308256006932706
2023-03-17,1.0327082246514172,1.1712305374360152,1.0110028836622713,1.061946186536446,1.0207264892980104,1.0100694620645168,0.9926215894837047,0.9871703908661564,1.0125042217610007,1.0380021164266273
2023-03-20,1.0324000342539348,1.176134836376946,1.0137077074439471,1.0521386377359372,1.0170479685022857,1.0009888877862914,0.9773882338307258,0.987126208292758,1.0189965695353438,1.0427688262028498
2023-03-21,1.0443358215051746,1.1884303644870977,1.0184184910722367,1.065054041520581,1.0234262448076896,1.0091015362626614,0.9874273402192952,1.0057634816788557,1.0309811959125765,1.0538028227885357
2023-03-22,1.0271236672299435,1.174728890140259,1.0130910497567578,1.0567922964089003,1.0247342709119438,1.0080070637771568,0.9783214333699145,0.9988555295283509,1.0215560586864902,1.0404270579028814
2023-03-23,1.0283717951307492,1.1704164498177614,1.016983514383216,1.0679746039419364,1.0385843257030978,1.020800101462231,0.9934921170998845,1.008192676119747,1.0277131493131704,1.0424320601879593
2023-03-24,1.006444585444174,1.1593866195232359,1.0083516433051947,1.0474677010045725,1.025390977745617,1.010580413626683,0.9745819682911896,1.0042851770922816,1.0012486450474343,1.0249300539899135
2023-03-27,0.9996780290460842,1.1640694340703486,0.9980347988308733,1.0378773090363838,1.0088826120168264,1.003927334287578,0.9740741013552616,0.9940974982449561,0.9969292008868365,1.018244201583255
2023-03-28,1.016302564197396,1.1471019920599659,1.004010772379926,1.044000732460024,1.0034754997210826,1.005701029392089,0.974583599581348,0.9864199677360991,0.9956875883486676,1.0351774901321622
2023-03-29,1.0154161630015563,1.1504779788296926,1.0106952719674989,1.0458262112451253,1.0116743545305562,1.0100112830056864,0.9778423293310863,0.990511897913725,0.9980877285235628,1.0306256141123817
2023-03-30,1.0193535811543486,1.148079486546424,1.0083675439642117,1.0675455842149464,1.0083803386190051,1.0202353391213441,0.9754394872311242,0.9990890003043719,0.9900104460079971,1.033506210850628
2023-03-31,1.0247187981099004,1.1601987165969614,1.0112442955139622,1.0805811315400107,1.01932327654483,1.0244984231322358,0.9837731489621329,1.011013846344978,0.9892682660474763,1.0403736421264582
2023-04-03,1.0093065126516603,1.1446678108455215,0.998934055473349,1.0761859300964476,1.018879152803151,1.0152714504980271,0.9799072346132905,1.004528255953884,0.995687640889913,1.0328436789422653
2023-04-04,0.9959640752535359,1.1583661350336196,1.0047200387720694,1.0854110892091675,1.009570802470457,1.0103497062604507,0.9838198363349087,1.002132169954072,1.0078323368297093,1.0190912535384549
2023-04-05,1.0138565809045714,1.1604413111421903,1.0112059581589732,1.0980959209220105,1.0277632342977017,1.0149762161913842,0.9961641164192789,1.0234787342784926,1.023815022263967,1.0400272963858492
2023-04-06,1.014034194508312,1.1608442540427544,1.009771503288784,1.1040777242331594,1.0234544887749477,1.0035951138002224,0.992633061878188,1.0130957576548778,1.019359637921514,1.0430283703457195
2023-04-07,1.0093291663631376,1.1541283814519374,1.0004756220270372,1.0864232819980995,1.0020232792405177,1.0008105820984001,0.9882433218163258,1.0078933700242374,1.006006911355358,1.0401302689025442
2023-04-10,1.0006385878511903,1.1591707076993631,0.994900043317781,1.0919536500751834,0.9972305295290652,1.0027926478916254,0.9860275360549963,1.0017317762413687,0.9979007636688377,1.0277420259823724
2023-04-11,0.9822416607793006,1.1502417929546809,0.9840660553715803,1.0789148603112908,0.9954262695186349,1.0025204431474568,0.9557026846914535,0.9992714352140576,0.9826170316493581,1.0213609966278419
2023-04-12,0.9926388933189728,1.1538895575420631,0.9850527235860314,1.0830186521484235,0.9929838687843149,0.9965615336939578,0.9480620887237157,1.0108235752178716,0.9930182375678641,1.0304244408490886
2023-04-13,1.0011686007581078,1.1694061008549432,0.9782272167255166,1.0902650610891351,0.9950143365287294,1.001894665414709,0.950603146008449,1.0219929769974687,0.9964464178195405,1.037713922206639
2023-04-14,0.9761461746333057,1.1757199218250702,0.9886779925169837,1.1007550742502052,1.001072341515451,1.0137258302942562,0.9536146345881886,0.9989749222748183,0.98164508399258,1.030447422066831
2023-04-17,0.9749040907158066,1.1720549088580512,0.9888640001047182,1.1076591871414583,0.9915607070897299,1.0106031401606954,0.9529070239105416,1.0011825051155372,0.9861704464859244,1.0371242756307237
2023-04-18,0.975870347223993,1.1684039407855717,1.0000209829346878,1.108755922605093,1.0087963867881988,1.0193039755920006,0.9510949316215624,0.9925812048011302,0.9859238839640313,1.035046451643091
2023-04-19,0.9803524169560521,1.1671017913747472,0.9943633551702015,1.1103837625327777,0.993803733997141,1.0162673747906568,0.9576790943150737,0.9967901967009413,0.9974886890219827,1.0361101763792537
2023-04-20,0.9812982718282846,1.1663361754118335,0.9943163402554956,1.106959395958075,1.0037314370509625,1.021256452167704,0.9470901783419438,0.9947425546977717,0.9987925867444017,1.0403311909980337
2023-04-21,0.9810705933265517,1.1815428621575017,1.000661357773089,1.115632401130833,1.0029069103779418,1.0263865815185853,0.9518964597244286,0.9886684368644115,0.995951904554171,1.0485617503346731
2023-04-24,0.9727638599421111,1.173074364040829,1.0037152973545984,1.1046159157267508,0.9898524163762799,1.0205898906022508,0.9599366882596345,0.9766770062922866,0.9808793776629563,1.039425566137723
2023-04-25,0.9706344203697902,1.1646614934760147,1.002706251756594,1.0911622010369633,0.9768731571932998,1.0158816347919062,0.9556286798001045,0.9840136182185274,0.9740264030600404,1.0445416209697802
2023-04-26,0.9706894575686249,1.161692885562011,0.9925005024367585,1.0911313224124173,0.9773954285891208,1.0085556602719925,0.9576971744435296,0.9722923692941418,0.9651005290853374,1.0284337870603624
2023-04-27,0.9714893148192771,1.1598694735411523,0.9902046609889892,1.0874907298117473,0.9753124042313303,0.9996139919796422,0.9412341154701535,0.975119779718421,0.955384882063812,1.017716125408717
2023-04-28,0.965908777608293,1.1733426277949799,0.9902318934907745,1.0933999956978215,0.9670437298117525,1.0075747557493828,0.9545083837415075,0.9746059117974808,0.9516509786165325,1.0216054886413872
2023-05-01,0.9587268594125405,1.1704112100231157,0.9882364484901887,1.0896165145805723,0.9609902344354346,0.9991589384631665,0.9479515884006416,0.9737275043837812,0.9491447042773915,1.0212643707947586
2023-05-02,0.9589449497173869,1.1725151949766812,0.9882739692446499,1.072961584130514,0.9517222729942558,0.9963565811862448,0.9489472964664408,0.9825659258902038,0.9546421219296789,1.021700939949377
2023-05-03,0.9593630182985481,1.182429763753886,0.9867833355926823,1.0776975412335572,0.9612301847317365,1.0062031907269935,0.9545386419149962,0.9877117919619816,0.9518785245234496,1.02027419366559
2023-05-04,0.9638339128860106,1.191608246685587,0.9901195596115965,1.0822229999070256,0.9532867111338448,1.0122934506454917,0.9652515895582751,0.9927342733280278,0.9607379455972878,1.0270014876451983
2023-05-05,0.9719250503980097,1.188387277981083,0.9897123858838217,1.0828747358433375,0.96433830778884,1.0175058124462208,0.9598911656811685,0.9889007644911545,0.9682866338531687,1.0346337897878202
2023-05-08,0.9735201557271738,1.1850945427140225,0.9915246032572903,1.0860976350143334,0.9702988475989761,1.0201936121072863,0.9631027574488724,0.9946201432937399,0.972065273545959,1.0365140688204149
2023-05-09,0.9723148960842111,1.173520913731701,0.990149195907433,1.0845526189520647,0.9737322371530109,1.0133899815595337,0.9623469794190269,0.9914884170139291,0.973777891228974,1.035764614685735
2023-05-10,0.9658643988153894,1.179461918504819,0.9845530498965196,1.0831593821669276,0.9675076424206692,1.0104762685638442,0.9572944289770127,0.9872819781455954,0.9688693677532805,1.0256017184425952
2023-05-11,0.9556180567922633,1.1589515668119699,0.9683641804138354,1.0802817197316448,0.9553254172060786,0.9926311908482247,0.9506189447731738,0.9675215830352705,0.9509238589350766,1.010056613692849
2023-05-12,0.9344469261168037,1.1457410692116012,0.9610858224711266,1.0717323725975374,0.9408506793799036,0.9785656557296641,0.9280167832752757,0.9601431333665601,0.9389760280644404,0.9894093783738814
2023-05-15,0.9308845626233334,1.1222472332056546,0.9517145335921094,1.0633273523122166,0.9389269592198831,0.9670066426683569,0.918167627040296,0.9473878156273687,0.92510525768404,0.9865382145692994
2023-05-16,0.9288605068834346,1.11138730437352,0.950080315787315,1.0646544624924115,0.9416870586210344,0.9762491439448647,0.9193272302702236,0.9504686337339965,0.9133393464313251,0.9952662348140726
2023-05-17,0.9238821766757156,1.1146227291946367,0.9427935066388481,1.073233376449962,0.9505595315154082,0.9783347980980354,0.9304710403534651,0.940317678979324,0.9087895595248777,0.9919248523185401
2023-05-18,0.9232114686900434,1.1111420783699864,0.9407411028612882,1.073131632140492,0.9426213072056278,0.9716788275101902,0.9223768201900489,0.9193035460926129,0.9085647597957064,0.991204747594764
2023-05-19,0.9210948002308499,1.1049229395123321,0.9467995182161298,1.0623927021113697,0.9369558681040777,0.9821072267738972,0.9196311415588676,0.9235463225277413,0.8999316568086745,0.9912237456641216
2023-05-22,0.927457520541248,1.1400851877563236,0.9531560665849543,1.0790102027906199,0.93834502352776,1.0036241007081024,0.9176779288409114,0.9293444638064005,0.9046393321298049,0.9978144177245083
2023-05-23,0.9256598722903353,1.1264433509101808,0.9576384967182795,1.0695894944465838,0.9312790623280922,1.0098008085713528,0.9052252804256092,0.922072159800798,0.9085465423361543,0.9982436744366172
2023-05-24,0.9369582732856423,1.1109260604230091,0.9632378313421939,1.0633917213790698,0.934464321252657,1.0106067847273592,0.8993899660023333,0.9249530155813814,0.9127422414054235,1.010627666106137
2023-05-25,0.9226085050560967,1.1253817036365605,0.9542129168949774,1.0578139251784682,0.9384490546199287,0.996691416405907,0.890334557814311,0.9108063506050292,0.9006311710144951,0.9951496312902062
2023-05-26,0.9209800820248011,1.121142505152641,0.9537351686756588,1.0587486702620537,0.9403873244027497,1.0021537468357173,0.8913341532053866,0.9067350380637554,0.8951220881266815,0.9989011011203116
2023-05-29,0.913905522491717,1.1129762462786637,0.9496533300034147,1.0437625121998726,0.9375462068639231,0.9982150881274744,0.8729837653591757,0.9069237664193815,0.8888318964531369,1.002194591303727
2023-05-30,0.9144703103519628,1.1121311903543802,0.9464476120103112,1.0484307408337052,0.9409984570044497,1.0086808317122884,0.8763930229539875,0.8995137263304684,0.8929458435081153,1.0072515393073929
2023-05-31,0.9158843949454333,1.1057158136761596,0.9563407283780021,1.0459828723229863,0.943534183514004,1.0237205076272375,0.8808196753064452,0.9087601490139556,0.8978760975097275,1.0111693985576513
2023-06-01,0.8986035307136059,1.0876111450218988,0.940554432300985,1.029487401000807,0.9307325881101831,1.0016169937283272,0.8695964166928458,0.8867004907207315,0.8815287937043196,0.9978153299708732
2023-06-02,0.9018851216245874,1.094973504325085,0.9402993392684463,1.0350213014926068,0.9370493877145883,1.0048877607615008,0.8744626888387814,0.8906397646641235,0.8775033465039394,0.9959938516666208
2023-06-05,0.9176993361971982,1.086610033784338,0.9476713876134147,1.0491717265421119,0.9406522438904583,1.0158643304814583,0.8789597143280751,0.9028185190177144,0.8928900358694323,1.0021459126469663
2023-06-06,0.9220014208307566,1.091067215426576,0.9420316845067577,1.0441843209210293,0.9314040226890441,1.0173001941483428,0.8753459962531106,0.8994041532881827,0.8977062358079447,1.0034277734644974
2023-06-07,0.9121891794583841,1.0723686239696866,0.9273484570073395,1.0361760230189079,0.9245883850406342,1.0060947893380787,0.8615891097482707,0.8803807169674337,0.8921780534689718,1.0018697590705685
2023-06-08,0.9123646224799044,1.0756480891319298,0.9200750495534653,1.0355994117820488,0.9275933884104032,1.0082087776621476,0.8543963209597804,0.880625997492919,0.8967116716527479,1.0029177891887253
2023-06-09,0.9058170575774432,1.078905090390985,0.9062664030833099,1.0267714004249877,0.9261765605753821,1.0055584068671295,0.8346530497738508,0.874756168581318,0.8894521287865409,0.990587739028597
2023-06-12,0.9097593942492107,1.0838261577070687,0.910895810743848,1.026550996095251,0.9276507684895391,1.010348021818227,0.8426402024503846,0.8821632047399589,0.8875907573297929,0.9967217627299487
2023-06-13,0.9120155344659711,1.0934343516266951,0.9107098898418975,1.0402724589179178,0.9434756012512564,0.998921649000664,0.8546604922813297,0.8857024448476263,0.8818376216881301,0.9874051197575938
2023-06-14,0.9283360280548636,1.110327198784069,0.9167670296713247,1.0383394218356519,0.953958196527735,1.0184367777335332,0.8638173341801678,0.8969757749920994,0.9024555897914788,1.0114119768055916
2023-06-15,0.9267568278442988,1.1001618676723146,0.9144126332981175,1.033326774779324,0.9473475370144326,1.0175060960235802,0.8653894930133539,0.9008119805134964,0.898659673995471,1.0145982595570857
2023-06-16,0.9247719371532898,1.0928809824866152,0.9051014397997911,1.0214550228443524,0.948264593724536,1.021913324393742,0.863176333330307,0.9065272347236305,0.9007147525123881,1.008484832867825
2023-06-19,0.9220626992811203,1.0958004805073605,0.9024777911068735,1.0219308347941636,0.951189175590683,1.0183678194954575,0.8658514857573746,0.9014750803594148,0.8919777697516191,1.0018506825450926
2023-06-20,0.9251635815259004,1.097581797636449,0.9071318603165743,1.0226452681901856,0.9554772212713868,1.0279800478224599,0.8683617435537356,0.9047855683191177,0.8930703567993465,1.0018997386873068
2023-06-21,0.9351973146229386,1.095556020586654,0.9094545756872942,1.0324387333804597,0.9638193470593948,1.0382864901116093,0.8679442661080696,0.9104311484704992,0.9038070848309139,1.0008061295183097
2023-06-22,0.9398534258000718,1.1117462029496272,0.9234620989120932,1.0419544577281088,0.9704312940480578,1.045068267697366,0.8769529450446724,0.915529978576175,0.90683474230555,1.0107908189376205
2023-06-23,0.9414918954721048,1.1133665329230273,0.9332040198209024,1.0439215235078076,0.9769946147907446,1.040979752677969,0.8691384719201795,0.9124770258539525,0.9052558359092032,1.0129540406716224
2023-06-26,0.9500599981509559,1.1226862887635563,0.9403857340302831,1.0524857008721136,0.9894512285951902,1.0497456817410025,0.8824991646326286,0.9291543708235166,0.9239442936499324,1.0249611410607369
2023-06-27,0.931877067733755,1.1132281618885354,0.9331030824946255,1.0371755190082126,0.9628724993091463,1.0337580840248912,0.8751426499940224,0.9172890042432624,0.9130634732848032,1.0111866664403337
2023-06-28,0.9270820349831191,1.1057453833786062,0.9317752719271186,1.0215639986838856,0.9621207207836069,1.0153347067988379,0.8774485773514965,0.9027369708871803,0.9179279227892352,1.0104496323142989
2023-06-29,0.924683064892142,1.0960348245369016,0.9220824012429005,1.0214798585961564,0.9461373734844715,1.0000540498311747,0.867969681723544,0.8934174008815624,0.9142071155010849,1.0094743541079039
2023-06-30,0.9118439265325915,1.0914558484704713,0.9167171956354956,1.0157782788563998,0.9412798434285193,0.9937631889274114,0.8644415093869189,0.8915173427121251,0.9068303334538066,0.9951645416293776
2023-07-03,0.8927837175845149,1.0593299434763153,0.90892109527431,1.0067681319333965,0.9319254108685665,0.9880287270858782,0.8514804722497535,0.8792385794409658,0.8836625060469451,0.9741478472956075
2023-07-04,0.8956167096919331,1.053411943495384,0.9097156010305375,1.0139104369825926,0.9328527497445701,0.9878805301970224,0.8510052739434995,0.8824117807859249,0.884382907625182,0.9819586358897132
2023-07-05,0.8934449720005183,1.0585500985274028,0.9114380246119138,1.016405295453158,0.9295747464405113,0.9808938482831048,0.8499466389066224,0.8823794384628265,0.874849187352582,0.9769984858179265
2023-07-06,0.8819758719129097,1.0387639460676488,0.8908109445743249,0.9902865637263513,0.912772192251647,0.952413636040451,0.8425555377627729,0.867467489620508,0.855568407905694,0.9571826846529999
2023-07-07,0.878787500763149,1.0303657707808231,0.8773792372041148,0.9773165165423676,0.9011120868660307,0.9406828934499298,0.8322641579791437,0.8564582373747993,0.856066114796276,0.9407173314897198
2023-07-10,0.8828186052077257,1.0204329900052744,0.8837281128410306,0.976612763093477,0.8993492918243847,0.9403428631850358,0.8386184084594968,0.8522241517695333,0.8475345174838375,0.9392224910503837
2023-07-11,0.8912453931203564,1.023000722272885,0.8849317927256122,0.9861526363556491,0.905633850517315,0.9464536998266057,0.8482858794488979,0.8531676705905933,0.8493129637433288,0.9436299807102015
2023-07-12,0.9037422149638411,1.0505328744771285,0.889411727282012,0.9938430074396434,0.9190616743210644,0.9651944154624644,0.8604706730047246,0.866938403565883,0.8618692338861809,0.9633318247289344
2023-07-13,0.9300407646836706,1.0865731136342762,0.9140965308546264,1.0151091379306416,0.9491460084511115,0.9919332565391576,0.8670510905839056,0.8748322895100333,0.8756231447710263,0.9813689461722539
2023-07-14,0.9391192864871221,1.0922917260599556,0.9155589075821224,1.0199814228027346,0.9558156152258377,0.9960353744508934,0.8638694405415676,0.8744609731009961,0.8818769748656173,0.9838354171505176
2023-07-17,0.9191097266195841,1.0936258154585763,0.9117249420653692,1.0016740617765787,0.9504226661442493,0.9810317058192146,0.8509702474562024,0.8696829436336848,0.863806895105328,0.9668802759363242
2023-07-18,0.9033159349483869,1.0656194726869817,0.8984317884770121,0.9820125426052191,0.9266760333913222,0.9656992549108581,0.8356056294147953,0.8415525868203646,0.846208661376247,0.9499104442453418
2023-07-19,0.9217707634860232,1.0762606899887774,0.9011365319751383,0.997744073195984,0.9384155947160487,0.9698920638357283,0.8327483045402684,0.837590163493788,0.8445456160494074,0.9525058943397905
2023-07-20,0.9148420390804763,1.0731590808871918,0.8999641129203435,0.9826695842319405,0.9336147524375108,0.9650882581439941,0.832406397772979,0.834933982283972,0.8414959910399964,0.9534678310085665
2023-07-21,0.9006571515072455,1.0653223159086462,0.9000971388784308,0.9631853031966764,0.9205427062238839,0.9573287025531199,0.8180519941993879,0.8260256204543248,0.8407018902376218,0.9421180725474971
2023-07-24,0.8952034182392603,1.0672700919751679,0.8961903239582536,0.966748556687268,0.924402582563671,0.9506986098573436,0.8163782763485522,0.8241414181337267,0.8384691710832692,0.9320002405610521
2023-07-25,0.8880927052302243,1.075273377807524,0.8886701613986241,0.9746860124014266,0.9223862867475741,0.950083903363288,0.8080254161942376,0.8199712149555507,0.8338641196011877,0.923709590437796
2023-07-26,0.8808047168623158,1.091319192738863,0.8941094132327627,0.9694830385280517,0.923403319530951,0.957519775835754,0.8005444080048127,0.8266890456930839,0.8433460681931522,0.9318403049048294
2023-07-27,0.8884207235058108,1.087438422701066,0.8905673014874946,0.9637145536619367,0.925309227847005,0.9650092094561667,0.7954036609935276,0.832564120708065,0.8542451674268695,0.9395696397895745
2023-07-28,0.890753117709827,1.0869748768515815,0.8834086462632796,0.9501577703779777,0.9166238901508205,0.9643180610295203,0.7990833226513123,0.8288576865539427,0.8382423654477896,0.9317045216618302
2023-07-31,0.8783163834587183,1.0695169830278277,0.8767992788744636,0.9411760145686268,0.911773439433706,0.9492798926758528,0.7914034321545811,0.8161616156717987,0.8324313956213997,0.9185888448778148
2023-08-01,0.8795383616480968,1.048606631370439,0.8652248705230087,0.9251105674857801,0.904635799457725,0.9350699229332908,0.7801770695386394,0.8143531943605377,0.8228039106497484,0.9150904119662425
2023-08-02,0.8808326149794368,1.0280615594010107,0.8571854971690148,0.9209021331251398,0.9100006127162535,0.9299245634238882,0.7812508225570372,0.8097577634507688,0.8232144322143122,0.916037554615157
2023-08-03,0.8900855067638823,1.0247244557726363,0.8542315924939748,0.9193049402122829,0.9135952133935528,0.9252129484489675,0.775376787099531,0.8111885630222975,0.8267810524436229,0.9196877681457198
2023-08-04,0.9016685247083411,1.040974908785343,0.8720473561045637,0.9358840936921585,0.9314470110392208,0.9370055502985519,0.7773068385578542,0.8271494955421613,0.8313325667674981,0.9351268304485549
2023-08-07,0.9092156751332184,1.0466509740485987,0.8701461741950016,0.9384012544998305,0.9404983537225428,0.9246090133401954,0.782471861280976,0.8161762964303008,0.8350897824372411,0.9359353269411834
2023-08-08,0.9204823344756525,1.046129844609657,0.8772727348659727,0.9425922191440796,0.9469371669901029,0.930323507766305,0.7915121238169518,0.8269037603701727,0.834688686774229,0.938126013562938
2023-08-09,0.9205856524331748,1.0425514548999502,0.8798979251482015,0.9524358309726043,0.9365213027273025,0.9294608743358971,0.7910428392772922,0.8319696770752205,0.838113585386009,0.9432789516410304
2023-08-10,0.9093651107390271,1.0296392428601442,0.8690898600686695,0.939935966024432,0.9212529620827001,0.9258125471453508,0.7743646727996103,0.8243261707406223,0.8275006935599495,0.9312834713821265
2023-08-11,0.9013656988039964,1.0376635129189353,0.8638605679159398,0.932544812872193,0.9052834613080909,0.9226098924583739,0.7673951525011965,0.8229116708173628,0.8211552643299302,0.9298121355518285
2023-08-14,0.8994390725466347,1.0083064724650417,0.8594965277188715,0.9235465538000138,0.8837073215155077,0.9116040360599568,0.763223773889022,0.8220773627731469,0.8259498509159068,0.939756718233076
2023-08-15,0.9122119500087323,1.0411638919474662,0.8747808442717703,0.947222240388044,0.9000048774721956,0.9134956458447423,0.785883304648399,0.832348589122729,0.8414495633148869,0.9587020197894552
2023-08-16,0.9040985721664772,1.0238086842115977,0.8660746302639694,0.9433301048554782,0.8974903934608793,0.9054097348058001,0.7849737306521928,0.817719376753153,0.8284246652006638,0.9529702309656815
2023-08-17,0.91169839853661,1.026655608006109,0.8709366353194649,0.9363931138041421,0.8999079841678821,0.9037048305036108,0.785788563032071,0.8224637660950764,0.8355466698925651,0.9648357875148479
2023-08-18,0.8998404138265468,1.0320042589885996,0.8603895884489865,0.9434109659784018,0.8943018226895479,0.8881445933297808,0.7803427754062443,0.8188899152270291,0.8278070328984967,0.9578230256474535
2023-08-21,0.9174987694492853,1.0361138998032966,0.8638531281476511,0.9549766576652657,0.902918622206496,0.898626049249311,0.787780475381811,0.8259710168882868,0.8307348757586258,0.9617189803436104
2023-08-22,0.9268171202978138,1.0314862843633927,0.865538798087077,0.9676929390047473,0.9041541535101867,0.8979076926397046,0.7956415083117169,0.831179578570142,0.8322370235785271,0.9692391143562585
2023-08-23,0.9289733302862021,1.0323403476366277,0.8712581742933506,0.9651802334742421,0.903708553752579,0.8926933643349467,0.8058980376833154,0.8288011298772978,0.8422230097447713,0.971277747505341
2023-08-24,0.9264374428818001,1.0216019696921088,0.8720866994074326,0.9657863197109499,0.9065182571736735,0.895048875318065,0.8090342602602522,0.8281411537716203,0.8389502450696542,0.9720242765212246
2023-08-25,0.9141760052130847,1.0144989122146177,0.8699078407568863,0.9587947128000275,0.9042751513027697,0.8904163744096049,0.7993389187009561,0.8184065435925466,0.8349605562393747,0.9570360312320805
2023-08-28,0.9164122508935474,1.0252207216452593,0.8746464123604905,0.9630669090190174,0.9165445294777396,0.8990045970282557,0.7996259961517376,0.8224473895813547,0.8390858798379621,0.95455450490057
2023-08-29,0.9125652835537859,1.0148794861031105,0.8773052836946624,0.9653597108614826,0.9154924071276779,0.8920374365036371,0.7938254816373825,0.8163917583995183,0.83323619153251,0.9499247937837935
2023-08-30,0.9145848754521834,1.0184097303979307,0.8700083105756418,0.965952798446602,0.9063773655475619,0.888646326753027,0.791636330152284,0.8049423429298732,0.825114879820739,0.9515181528279422
2023-08-31,0.9007162512772056,1.0078460674020788,0.8653627013992959,0.9490849304434664,0.8983514207524995,0.8728018738404133,0.7749557216704885,0.7906168211194143,0.8148502748466405,0.9432791596818586
2023-09-01,0.8976087098371255,1.0110723233607062,0.8657579637246684,0.9531067856117446,0.9010122381235023,0.8772895080184275,0.78639478605406,0.7898435611806427,0.8198366517592441,0.9424325918217822
2023-09-04,0.906797120530091,1.039413929683217,0.8712419563330357,0.9616580783515158,0.9070256650738927,0.88970323208977,0.7916866739379198,0.79520901372495,0.8262052208291134,0.9481251276208705
2023-09-05,0.90988229173741,1.0497102327104946,0.8729012478397319,0.9728015684806963,0.9088231061079086,0.8925598246428378,0.7970622870251092,0.7884030653327737,0.8289665082452763,0.9582818789315973
2023-09-06,0.8970800951096438,1.0559619431597724,0.8724882633637003,0.9726277034059687,0.905123307425675,0.8934336426853879,0.801124560584725,0.7805861695031476,0.8183779443567031,0.9369339015151567
2023-09-07,0.8975276320856087,1.0476831883018138,0.8764672944286223,0.9807876328834503,0.9179503356688794,0.8888332711460215,0.8019965120357764,0.7722853278014145,0.815028457215521,0.9384926890159432
2023-09-08,0.902296538250083,1.0771646789107643,0.8884111606275638,0.988138322004527,0.9179046192323095,0.9009852061957155,0.8116237283449607,0.784304831778536,0.8194513801012923,0.9448491049532337
2023-09-11,0.906770375588552,1.074846906029151,0.9005383380160785,0.9882845065130774,0.9273251750466817,0.8991768825346548,0.8121824667063725,0.7888723977289976,0.8242191874518194,0.9559374419444816
2023-09-12,0.9120781768278295,1.0784757245050642,0.9061535455442457,0.9833753069015403,0.9244326746926421,0.9077140479239089,0.8154600042959933,0.7953331589711663,0.8254768627205917,0.9644657790282543
2023-09-13,0.9275140948417033,1.0713207107934082,0.9106808157000875,1.003154740837691,0.9304597096468562,0.9164554177542806,0.8172320826926077,0.8057961229441308,0.8440371274540424,0.9788845671275479
2023-09-14,0.9435607337612923,1.0692590149739232,0.9120890486146523,1.0225969433426443,0.9280860263295201,0.9209283289528746,0.8272095397884224,0.8107820670868122,0.8537058269252104,0.9899411379927555
2023-09-15,0.9616503199742804,1.1010149239345786,0.9262911702290896,1.0421390404584796,0.9336462040039438,0.9305126966585422,0.8430732563208285,0.8181996129412072,0.8665322449634403,1.0098498373294953
2023-09-18,0.9724022565606856,1.1061557889309004,0.9242870380984738,1.0530849694702733,0.9423893702168015,0.9330094724412689,0.858094752807555,0.8253586319815357,0.8718770812011288,1.01646308507198
2023-09-19,0.9669540177448243,1.09889985339175,0.9178233253396737,1.0456305999729762,0.9375824246546487,0.9268236173729066,0.8447655614530323,0.813377403385423,0.8695333598549356,1.0085100015040644
2023-09-20,0.9575125403164192,1.0843217315985,0.9096335784234212,1.0304776141130199,0.9307691057277475,0.91701722111162,0.8279395502221512,0.8043367147162863,0.8580405060672107,0.995172124657923
2023-09-21,0.9626271315085525,1.0839656794387214,0.9228354553697985,1.041791949063734,0.9454751216078231,0.9325718462958621,0.8393019265413884,0.8139626457501323,0.8712973205888259,1.0042837857459672
2023-09-22,0.9760767781040591,1.096854726598142,0.9370263748500068,1.0523697385005846,0.9602406736796764,0.9391324339331018,0.8462623942906421,0.8258684235210959,0.8809502968332483,1.0123688770772332
2023-09-25,0.9915403508577503,1.0930819371940108,0.9425098300332138,1.0431352044514417,0.9729003846449847,0.9388830384056985,0.844338340715049,0.82846986603349,0.9017501890680106,1.0203992309406122
2023-09-26,0.9713357696140024,1.0833062340963036,0.9399812845450087,1.0531183319673534,0.9608207083935466,0.9456463587366424,0.8359091859722156,0.8251036827922472,0.8835945343468746,1.0096497887235851
2023-09-27,0.9883996551434463,1.1006398575291902,0.9474976125494381,1.0560806390733704,0.9828344793092512,0.9478440857343389,0.8437801583017702,0.8373591082080101,0.8943012214209227,1.021193369753778
2023-09-28,0.9823278477789353,1.0830825364867667,0.9408239024005601,1.0486758259262527,0.9629093746074753,0.9349443270329348,0.8340028974817888,0.8309248578633655,0.8868607637932636,1.0150151049709133
2023-09-29,0.9819420539367877,1.0715241464320413,0.9339180740369508,1.053175881741448,0.9573681906200004,0.9289546384474021,0.8294206902202557,0.8221161398046976,0.8851684067723262,1.0168121966803636
2023-10-02,0.9904442429923083,1.09316162007121,0.9434689798702275,1.065144749158289,0.9766491501019491,0.9348729109124334,0.8365380002574607,0.8305188981230013,0.8985430810859882,1.0304673038727377
2023-10-03,0.9888168143811795,1.0889553630735644,0.9413808971101972,1.0610097964459233,0.9594808377384049,0.9430176724940613,0.8303242006352132,0.8224322963196731,0.887099347477522,1.0296762308306282
2023-10-04,0.9872273442031899,1.0660366967959902,0.9378271340791716,1.0617293343789063,0.9593071202765151,0.9534603237584284,0.8329936780554693,0.8170210308573301,0.8818144652050954,1.03240537938975
2023-10-05,0.9937613232645013,1.074253099485593,0.9350754493970689,1.070894932704511,0.9560029716929059,0.946997726713488,0.8290152170374248,0.8195243875582715,0.8920974135399531,1.0330419508276916
2023-10-06,0.997888907760329,1.0811238263171796,0.9339512155044349,1.0702397371868775,0.9533802065950062,0.9501245309928031,0.8305861346120655,0.8255467007288597,0.8990292610017555,1.0421893069247998
2023-10-09,0.999694755519922,1.0884945387003204,0.9431743764959654,1.075183468673408,0.956351807572631,0.9628222113859788,0.8348695148854021,0.8248847797332908,0.9144888706831944,1.0439507455535697
2023-10-10,1.0196947712942819,1.0897617309135332,0.9403855195106154,1.0728312125261443,0.9620995272274152,0.9670420573490388,0.8532917372660679,0.8287190786890971,0.9142950234210179,1.0516751851497186
2023-10-11,1.02649553754647,1.089428071363557,0.9446670209568634,1.0812579880550852,0.9690263521717539,0.9758757154787998,0.8537414192301052,0.8227688506226537,0.9164438729218678,1.0447049476034704
2023-10-12,0.9959385520617134,1.082343415492756,0.9269886463509117,1.0680919510024005,0.9557064655428956,0.9542973624922312,0.834913617608408,0.8069610608325766,0.8989001076693853,1.0142320421780247
2023-10-13,0.9964515226816262,1.093781805155405,0.9307393776769184,1.0750654795962498,0.9541915203441897,0.961986138482775,0.8449879641266776,0.8179084483277043,0.8960240725481732,1.0078648639328165
2023-10-16,0.9975254773031184,1.0837868703872944,0.9342138426688401,1.0828891255826876,0.9474512679705973,0.9613924092712262,0.842475604075224,0.812057305319731,0.8899038753306279,1.0094966054630374
2023-10-17,1.0012837768961884,1.080363543221661,0.9194022587594051,1.0530466501418518,0.9278671764119982,0.9616807592552142,0.8163704454472045,0.7867141619853044,0.8728875080412841,1.0082420639715464
2023-10-18,0.993486143724859,1.0730833496019854,0.908410338234808,1.0413276369541509,0.9222683770854769,0.9464301153249404,0.7999685012987656,0.7769713321483535,0.8612151941542106,0.9926288396832454
2023-10-19,0.994010809045665,1.066238180719043,0.9061026784917086,1.046634543461,0.9172156785962344,0.9489800976200057,0.7995004855773212,0.7852770448514915,0.8566861496685952,0.9775129522398354
2023-10-20,1.0061153801119525,1.0803438123072662,0.9110729760137555,1.058405637873271,0.9249494955687884,0.9490563112249341,0.8052777576673915,0.7895130167173688,0.8612971875572363,0.9877209782859425
2023-10-23,0.9937696861043823,1.0742815645708919,0.9049481102262105,1.067923920778106,0.9195718935874351,0.9488186701059097,0.807466211660357,0.7811541444377222,0.8505214320854619,0.9736996477416265
2023-10-24,1.0103209996299651,1.0815043008309657,0.9131056291638602,1.072133364071288,0.9210199718560907,0.9523262784050889,0.8015972446502225,0.7835694272437812,0.8507357697917349,0.9829623154300168
2023-10-25,1.0121219218704547,1.0804139572575233,0.906364865268225,1.0607613287475515,0.9277523423483001,0.9523067318882092,0.7930038684442952,0.7842812726758775,0.8543116093160145,0.9864761207129388
2023-10-26,1.0009737616150383,1.064182949418668,0.8998346572410848,1.057112144420385,0.9179934348485462,0.9404000815712276,0.7802561431784042,0.7779768499904051,0.8502113280048933,0.9771265247838737
2023-10-27,1.015764017779857,1.0731264981229658,0.90832400094873,1.0658554071569624,0.9268110907259636,0.9493619404441375,0.7902144894295942,0.778396888242853,0.8468535986269929,0.9938237927767349
2023-10-30,1.0214632921775608,1.0706393776837486,0.9119864881462255,1.0660365320714653,0.9318885307082273,0.9537067702385583,0.7944433073060589,0.7877557581168392,0.8484675397771327,0.9965728596597945
2023-10-31,1.0249612358360942,1.0871536472501677,0.919893537550611,1.0712032451117575,0.9491411345326435,0.9594349347353219,0.803869795574161,0.8048506633937706,0.8531467412791623,0.9995419495471012
2023-11-01,1.0173755811617495,1.0695541180776384,0.9120553194131946,1.069391567883878,0.9500742423002788,0.9523268963861351,0.7916433747313897,0.8038581516076199,0.848631297348061,0.9956590252415325
2023-11-02,1.0230254374020584,1.0840722997441192,0.9040786775054793,1.0757838485717566,0.9455437188082247,0.94631896099863,0.8020727526819157,0.8018354013073855,0.8383915893315538,0.9944025580259664
2023-11-03,1.0132642237854184,1.0837499053832946,0.8996413772409657,1.0749960584246903,0.9371302735232285,0.9331747209603973,0.8006113515389929,0.7943360957809643,0.8350632510278745,0.9825639630178246
2023-11-06,1.0149649495459536,1.081236291330685,0.8998136303517997,1.0762073056417463,0.9372706681609707,0.9424143945755666,0.8067497748777755,0.7965610059312941,0.8355097072727532,0.9898962175260283
2023-11-07,1.0098197870605188,1.0894810940177457,0.9046484056099632,1.085921038396038,0.9320962803901952,0.9460599417717543,0.8131235651999579,0.7983158839118238,0.8268215238797745,0.9897603993634526
2023-11-08,1.0086371707473778,1.081617832816431,0.90369399742719,1.0785317510901775,0.9161534802549638,0.9373889589167511,0.8129385262105132,0.7771382163251279,0.8209024602474657,0.9841367114469644
2023-11-09,1.0183932793183845,1.0722837912972807,0.9125712118254826,1.0913671545696213,0.9096201154386604,0.9491720525727784,0.8091401336406709,0.7768168351642221,0.8227704738752337,0.9880617039582134
2023-11-10,1.0170290892892113,1.0757408021441432,0.9137184084323828,1.0925092670573109,0.914255549236477,0.9495930412606721,0.8120882689644328,0.7784056988856686,0.8316957152967738,0.9884088385982527
2023-11-13,1.0350154025443445,1.0951666502041162,0.924044381177083,1.1063043966882387,0.9362414060114216,0.9593803573028783,0.8253204563399967,0.7929429495415505,0.8411130578091991,0.995959573164299
2023-11-14,1.0573332316899964,1.096704651131998,0.9290194923413806,1.1200646385188606,0.9405213523476756,0.971355726140174,0.8265044020789237,0.7989041567338202,0.8574426936561862,1.0103379395938314
2023-11-15,1.059383105754963,1.0821549869807345,0.9225412262219281,1.1112228938510775,0.9469809322732345,0.9560799973585028,0.8236220009979816,0.7960294306954995,0.8541031734944783,1.0115654271366725
2023-11-16,1.061473980658861,1.0786885354782145,0.9189527074252074,1.109162953890105,0.943239280780763,0.9522268981183147,0.8277642714795681,0.7948035870937238,0.8390799016035363,1.0042804015794127
2023-11-17,1.038000523280313,1.0813712442722456,0.9139551097583737,1.1004897387863763,0.9287312097871262,0.9451085408762674,0.8195074341791379,0.7853959039341268,0.8365426046421611,0.985742020388245
2023-11-20,1.040061537213217,1.0883235917205203,0.9127131268680648,1.0948851590573607,0.9229777127784332,0.944338039767843,0.8208296121438372,0.7885150937634481,0.8247282605319581,0.9862284059196669
2023-11-21,1.0418859241204605,1.0994969135850787,0.9136533601342894,1.100253361557109,0.925860226263139,0.9475504552207027,0.8253350449763169,0.7929304256765897,0.8270600452370329,0.9846444200938821
2023-11-22,1.0547428868877526,1.0950799119303738,0.9280845700956226,1.1068103604358102,0.9211480676220225,0.9509892686958856,0.8314659551916281,0.7999650789977237,0.8256106448199855,0.9956300597867512
2023-11-23,1.0509444150080356,1.099490200562859,0.9164935416110758,1.0934621780797045,0.9181560952773973,0.9462980355719507,0.8319835834090481,0.7986601186040522,0.824357012513531,0.9776088807870708
2023-11-24,1.0410387273690267,1.0860340695766848,0.9159238417586797,1.0977640096334451,0.9126232212329525,0.933468291035566,0.8234359717346449,0.7974358226658238,0.8218295521800478,0.9628820885896802
2023-11-27,1.0198631343387243,1.0767432850718155,0.8990165948763249,1.0825937648293265,0.9103022998717369,0.9276450243765425,0.8084430776915249,0.7800620930553852,0.8105388232345617,0.9422152514377893
2023-11-28,1.0232102078437912,1.0749924474904942,0.9026102039427262,1.0819987487797291,0.9135288725853433,0.9334351882818299,0.8096483033626672,0.7855394078105115,0.8112189343275408,0.9406963393167204
2023-11-29,1.0112197419568938,1.0733870888875934,0.8964681757287413,1.082709364621225,0.9043250523923541,0.9281966679597123,0.804075812806272,0.7764012878482991,0.7999777705214208,0.9294086107702956
2023-11-30,1.0038310225190956,1.0679321501174739,0.9036637443179812,1.0875335883884623,0.9066242384515047,0.9308478391050888,0.7998762928900447,0.7754192909468194,0.8035541457627574,0.9267808610229908
2023-12-01,1.0004368760738602,1.0798047671355737,0.8964415903103262,1.0882059544232476,0.9051437286166154,0.9233765716344617,0.7951541326099668,0.7639112102077141,0.7965255982013101,0.9241073605311021
2023-12-04,1.0101192597481543,1.0620692144548332,0.8967299593328762,1.0863093949964573,0.9108821320374252,0.9190702694985587,0.7956851681521127,0.7639576142339751,0.8000317072984767,0.9280220268506354
2023-12-05,1.0006765523790726,1.043452878819524,0.8871287799212207,1.0799242986090543,0.8967458635816635,0.9119386722638556,0.789626795137418,0.7617001392345323,0.7909000039397778,0.9199381681116737
2023-12-06,0.9933456602612776,1.0342476966454657,0.8780219883476218,1.0777193696082343,0.8933537806137634,0.8998972419226957,0.7828205511808661,0.7550783765386212,0.7838502014305627,0.9134116308655905
2023-12-07,1.0059504790610754,1.0464190021311512,0.8904851734558772,1.0878140904578883,0.9074747169177605,0.912719024585625,0.7959765328310305,0.7644062324773918,0.7898306404168284,0.9268973795593067
2023-12-08,0.9970404869584667,1.02923653992804,0.887775764342859,1.0653553693578603,0.900267806700529,0.9073693355118978,0.7822534848733028,0.7589500357663179,0.79795282163431,0.9164051247304769
2023-12-11,0.9873991858932234,1.0322115065532524,0.8789250776956842,1.0564174589358162,0.8905682462652169,0.8990904795414045,0.7678954043598064,0.7432192744940878,0.7876006151665799,0.9093995810303528
2023-12-12,1.011898976441629,1.0423276475257002,0.8903343502825761,1.0642381562109267,0.9111574555173021,0.9227025885362058,0.7759994807597945,0.757714744289702,0.8051431016996825,0.9282866158211004
2023-12-13,1.0234839486139609,1.045460187014688,0.9065233361442019,1.0746995893372469,0.9281245095358444,0.9368623027039182,0.7923173612456591,0.7678314247120925,0.8192108988009432,0.9320702382276703
2023-12-14,1.0292312021134309,1.0364846723526548,0.9119550929548943,1.0727336425428957,0.9244458345318175,0.9309201901335551,0.7876371450725658,0.7641094914578083,0.813226706297966,0.935115381993423
2023-12-15,1.0131924094586389,1.034858631929901,0.9060613578851271,1.068666246143563,0.9274491798378036,0.9257752473269067,0.7790367757880466,0.7673760773762798,0.8126134471211848,0.918789395074586
2023-12-18,1.0293783104382945,1.032681907840984,0.9106681083208901,1.0737700311507004,0.9396682565731903,0.9239234637317548,0.7884451030504211,0.7713425877237277,0.8179648743437568,0.92586767713837
2023-12-19,1.0331627480561625,1.0489916433210125,0.9270579327124852,1.0842181293605022,0.9501854051452695,0.9456090242125897,0.8002697465851066,0.7749187187931272,0.8296190478625409,0.936516005729911
2023-12-20,1.0270243082708093,1.0432224498999678,0.9213459101808865,1.0591440984659235,0.9454441599149818,0.9354776186994886,0.7983426795422603,0.7696957664009738,0.8255415079181848,0.9332322272866805
2023-12-21,1.0322444257172445,1.0515761915243045,0.9191295689494675,1.0551605110727462,0.9441857846827664,0.9432764760685057,0.8077855802441448,0.7741029441374893,0.8281361361361118,0.9385546991896282
2023-12-22,1.0419995672115463,1.0563288882901007,0.9174760719634308,1.0615788423058892,0.9480322340335187,0.9383889209444618,0.8012105915621909,0.7743682994206461,0.8332806468425193,0.9419107031963373
2023-12-25,1.0408214328824812,1.0532910870335768,0.9274498150443308,1.0590150071945987,0.9508149346155352,0.9537116411361729,0.7995071044671842,0.7798196746954524,0.8332721231935967,0.9419951493686017
2023-12-26,1.0497940249299993,1.0491043165265292,0.9273488078940471,1.074788124692004,0.9582673853810468,0.9559659554805461,0.7867249495058897,0.776965470560162,0.8321036323185319,0.9526853302509883
2023-12-27,1.0377258461271048,1.044876557155927,0.9266906480875127,1.0702392040689435,0.9310447183605062,0.9535522495144956,0.7736755742214827,0.7708302582199553,0.8218645002584339,0.9448873218539006
2023-12-28,1.0313066070176893,1.02220458911637,0.9198695885940049,1.0652840062612783,0.9285610902770501,0.9451607826129219,0.765055419850964,0.7638878175123477,0.8191711296400501,0.9396224874946353
2023-12-29,1.0307909537141804,1.021693486821812,0.919409653799708,1.0647513642581476,0.9280968097319117,0.9446882022216155,0.7646728921410386,0.7635058736035916,0.8187615440752302,0.939152676250888
